[null,{"name":"clockin","permissions":"NONE","restriction":"1","_id":"toXCw","actions":[{"member":"1","varName":"","info":"2","storage":"3","varName2":"member username","name":"Store Member Info"},{"channel":"0","varName":"","message":"What is your time zone?","storage":"0","varName2":"","iffalse":"0","iffalseVal":"","name":"Send Message"},{"storage":"0","varName":"","filter":"content.length > 0 && author.id === user.id","max":"1","time":"60000","iftrue":"0","iftrueVal":"","iffalse":"2","iffalseVal":"15","storage2":"3","varName2":"time zone","name":"Await Response Call Action"},{"type":"3","storage":"3","varName":"time","name":"Store Time Info"},{"type":"4","storage":"2","varName":"minutes","name":"Store Time Info"},{"type":"5","storage":"2","varName":"seconds","name":"Store Time Info"},{"title":"Successfully Clocked In.","author":"","color":"#00008B","url":"","authorIcon":"","authorUrl":"","imageUrl":"","thumbUrl":"","timestamp":"true","debug":"false","text":"","year":"","month":"","day":"","hour":"","minute":"","second":"","storage":"1","varName":"embed","name":"Create Embed Message"},{"storage":"1","varName":"embed","fieldName":"Username:","message":"${globalVars(\"member username\")}\n","inline":"1","name":"Add Embed Field"},{"storage":"1","varName":"embed","fieldName":"Time of Clock In:","message":"You clocked in at: ${globalVars(\"time\")}:${serverVars(\"minutes\")}\n","inline":"1","name":"Add Embed Field"},{"storage":"1","varName":"embed","fieldName":"Time Zone:","message":"${globalVars(\"time zone\")}","inline":"1","name":"Add Embed Field"},{"storage":"1","varName":"embed","message":"You must only clock in when in game, clock out when leaving.","footerIcon":"","name":"Set Embed Footer"},{"storage":"1","varName":"embed","channel":"0","varName2":"","storage3":"0","varName3":"","name":"Send Embed Message"},{"storage":"0","varName":"","reason":"","name":"Delete Message"},{"name":"End Action Sequence"},{"channel":"0","varName":"","message":"**TIMED OUT :x:**","storage":"0","varName2":"","iffalse":"0","iffalseVal":"","name":"Send Message"}]},{"name":"clockout","permissions":"NONE","restriction":"1","_id":"EMRkr","actions":[{"member":"1","varName":"","info":"2","storage":"3","varName2":"member username","name":"Store Member Info"},{"type":"3","storage":"3","varName":"time","name":"Store Time Info"},{"type":"4","storage":"2","varName":"minutes","name":"Store Time Info"},{"type":"5","storage":"2","varName":"seconds","name":"Store Time Info"},{"title":"Successfully Clocked Out.","author":"","color":"#00008B","url":"","authorIcon":"","authorUrl":"","imageUrl":"","thumbUrl":"","timestamp":"true","debug":"false","text":"","year":"","month":"","day":"","hour":"","minute":"","second":"","storage":"1","varName":"embed","name":"Create Embed Message"},{"storage":"1","varName":"embed","fieldName":"Username:","message":"${globalVars(\"member username\")}\n","inline":"1","name":"Add Embed Field"},{"storage":"1","varName":"embed","fieldName":"Time of Clock Out:","message":"You clocked out at: ${globalVars(\"time\")}:${serverVars(\"minutes\")}\n","inline":"1","name":"Add Embed Field"},{"storage":"1","varName":"embed","fieldName":"Time Zone:","message":"${globalVars(\"time zone\")}\n","inline":"1","name":"Add Embed Field"},{"storage":"1","varName":"embed","message":"Thank you for clocking out, your time has been logged.","footerIcon":"","name":"Set Embed Footer"},{"storage":"1","varName":"embed","channel":"0","varName2":"","storage3":"0","varName3":"","name":"Send Embed Message"},{"storage":"0","varName":"","reason":"","name":"Delete Message"},{"name":"End Action Sequence"}]},{"name":"reboot","permissions":"NONE","restriction":"1","_id":"THjhc","actions":[{"channel":"0","varName":"","message":"bot rebooting, please standby.","storage":"0","varName2":"","iffalse":"0","iffalseVal":"","name":"Send Message"},{"filename":"bot.js","name":"Restart Bot"}]},{"name":"information","permissions":"NONE","restriction":"1","_id":"EDjMH","actions":[{"title":"Information","author":"","color":"#00008B","url":"","authorIcon":"","authorUrl":"","imageUrl":"","thumbUrl":"","timestamp":"true","debug":"false","text":"","year":"","month":"","day":"","hour":"","minute":"","second":"","storage":"1","varName":"embed2","name":"Create Embed Message"},{"info":"4","storage":"1","varName2":"users","name":"Store Bot Client Info"},{"info":"24","storage":"1","varName2":"hours up","name":"Store Bot Client Info"},{"info":"2","storage":"1","varName2":"ping","name":"Store Bot Client Info"},{"info":"27","storage":"1","varName2":"ram","name":"Store Bot Client Info"},{"storage":"1","varName":"embed2","fieldName":"Amount of users:","message":"${tempVars(\"users\")}","inline":"1","name":"Add Embed Field"},{"storage":"1","varName":"embed2","fieldName":"Up time:","message":"${tempVars(\"hours up\")}","inline":"1","name":"Add Embed Field"},{"storage":"1","varName":"embed2","fieldName":"Current Ping:","message":"${tempVars(\"ping\")}","inline":"1","name":"Add Embed Field"},{"storage":"1","varName":"embed2","fieldName":"Ram used:","message":"${tempVars(\"ram\")}","inline":"1","name":"Add Embed Field"},{"storage":"1","varName":"embed2","channel":"0","varName2":"","storage3":"0","varName3":"","iffalse":"0","iffalseVal":"","messageContent":"","name":"Send Embed Message"}]},{"name":"log","permissions":"NONE","restriction":"1","_id":"tcGLc","actions":[{"member":"1","varName":"","info":"2","storage":"1","varName2":"moduser","name":"Store Member Info"},{"channel":"0","varName":"","message":"What would you like to log, kick, warning or ban.","storage":"1","varName2":"questionmsg","iffalse":"0","iffalseVal":"","name":"Send Message"},{"storage":"0","varName":"","filter":"content.length > 0 && author.id === user.id","max":"1","time":"60000","iftrue":"0","iftrueVal":"","iffalse":"1","iffalseVal":"","storage2":"3","varName2":"logging","name":"Await Response Call Action"},{"storage":"1","varName":"questionmsg","reason":"","name":"Delete Message"},{"channel":"0","varName":"","message":"What is there username?","storage":"1","varName2":"usermsg","iffalse":"0","iffalseVal":"","name":"Send Message"},{"storage":"0","varName":"","filter":"content.length > 0 && author.id === user.id","max":"1","time":"60000","iftrue":"0","iftrueVal":"","iffalse":"1","iffalseVal":"","storage2":"3","varName2":"username","name":"Await Response Call Action"},{"storage":"1","varName":"usermsg","reason":"","name":"Delete Message"},{"channel":"0","varName":"","message":"Reason for ${globalVars(\"logging\")}?","storage":"1","varName2":"reasonmsg","iffalse":"0","iffalseVal":"","name":"Send Message"},{"storage":"0","varName":"","filter":"content.length > 0 && author.id === user.id","max":"1","time":"60000","iftrue":"0","iftrueVal":"","iffalse":"1","iffalseVal":"","storage2":"3","varName2":"reason","name":"Await Response Call Action"},{"storage":"1","varName":"reasonmsg","reason":"","name":"Delete Message"},{"title":"Succesfully logged moderation action.","author":"","color":"9370DB","url":"","authorIcon":"","authorUrl":"","imageUrl":"","thumbUrl":"","timestamp":"false","debug":"false","text":"","year":"","month":"","day":"","hour":"","minute":"","second":"","storage":"1","varName":"embed4","name":"Create Embed Message"},{"storage":"1","varName":"embed4","fieldName":"Username:","message":"${globalVars(\"username\")}","inline":"1","name":"Add Embed Field"},{"storage":"1","varName":"embed4","fieldName":"Reason:","message":"${globalVars(\"reason\")}","inline":"1","name":"Add Embed Field"},{"storage":"1","varName":"embed4","fieldName":"Staff Username:","message":"${tempVars(\"moduser\")}","inline":"1","name":"Add Embed Field"},{"storage":"1","varName":"embed4","channel":"0","varName2":"","storage3":"0","varName3":"","iffalse":"0","iffalseVal":"","messageContent":"","name":"Send Embed Message"}]}]